{"cameraMode":{"drawMode":0,"name":"Shaded","section":"Shading Mode"},"sceneLighting":false,"audioPlay":false,"sceneViewState":{"showFog":true,"showMaterialUpdate":false,"showSkybox":true,"showFlares":true,"showImageEffects":true,"showParticleSystems":true},"in2DMode":false,"pivot":{"x":127.0999984741211,"y":6.809999942779541,"z":164.89999389648438},"rotation":{"x":0.15938176214694978,"y":0.8245624303817749,"z":-0.2841060161590576,"w":0.4625776410102844},"size":4.041658401489258,"orthographic":false}