{"cameraMode":{"drawMode":0,"name":"Shaded","section":"Shading Mode"},"sceneLighting":false,"audioPlay":false,"sceneViewState":{"showFog":true,"showMaterialUpdate":false,"showSkybox":true,"showFlares":true,"showImageEffects":true,"showParticleSystems":true},"in2DMode":false,"pivot":{"x":114.80000305175781,"y":15.720000267028809,"z":121.4000015258789},"rotation":{"x":0.15938176214694978,"y":0.8245624303817749,"z":-0.2841060161590576,"w":0.4625776410102844},"size":4.041660308837891,"orthographic":false}